<?xml version="1.0" encoding="utf-8"?>
<ApplicationPackage SchemaVersion="1.0" AutodeskProduct="Revit" Name="RevitAddin.DA.Tester" AppVersion="1.4.0" ProductType="Application" ProductCode="7c324916-9f8d-43b0-b226-da67d2504393">
  <CompanyDetails Name="ricaun" />
  <Components Description="Revit 2019">
    <RuntimeRequirements OS="Win64" Platform="Revit" SeriesMin="R2019" SeriesMax="R2019" />
    <ComponentEntry AppName="RevitAddin.DA.Tester" ModuleName=".\Contents\RevitAddin.DA.Tester\1.4.0-beta\2019\RevitAddin.DA.Tester.addin" />
  </Components>
  <Components Description="Revit 2021">
    <RuntimeRequirements OS="Win64" Platform="Revit" SeriesMin="R2021" SeriesMax="R2021" />
    <ComponentEntry AppName="RevitAddin.DA.Tester" ModuleName=".\Contents\RevitAddin.DA.Tester\1.4.0-beta\2021\RevitAddin.DA.Tester.addin" />
  </Components>
  <Components Description="Revit 2025">
    <RuntimeRequirements OS="Win64" Platform="Revit" SeriesMin="R2025" SeriesMax="R2025" />
    <ComponentEntry AppName="RevitAddin.DA.Tester" ModuleName=".\Contents\RevitAddin.DA.Tester\1.4.0-beta\2025\RevitAddin.DA.Tester.addin" />
  </Components>
  <Components Description="Revit 2020">
    <RuntimeRequirements OS="Win64" Platform="Revit" SeriesMin="R2020" SeriesMax="R2020" />
    <ComponentEntry AppName="RevitAddin.DA.Tester" ModuleName=".\Contents\RevitAddin.DA.Tester\1.4.0-beta\2019\RevitAddin.DA.Tester.addin" />
  </Components>
  <Components Description="Revit 2022">
    <RuntimeRequirements OS="Win64" Platform="Revit" SeriesMin="R2022" SeriesMax="R2022" />
    <ComponentEntry AppName="RevitAddin.DA.Tester" ModuleName=".\Contents\RevitAddin.DA.Tester\1.4.0-beta\2021\RevitAddin.DA.Tester.addin" />
  </Components>
  <Components Description="Revit 2023">
    <RuntimeRequirements OS="Win64" Platform="Revit" SeriesMin="R2023" SeriesMax="R2023" />
    <ComponentEntry AppName="RevitAddin.DA.Tester" ModuleName=".\Contents\RevitAddin.DA.Tester\1.4.0-beta\2021\RevitAddin.DA.Tester.addin" />
  </Components>
  <Components Description="Revit 2024">
    <RuntimeRequirements OS="Win64" Platform="Revit" SeriesMin="R2024" SeriesMax="R2024" />
    <ComponentEntry AppName="RevitAddin.DA.Tester" ModuleName=".\Contents\RevitAddin.DA.Tester\1.4.0-beta\2021\RevitAddin.DA.Tester.addin" />
  </Components>
  <Components Description="Revit 2026">
    <RuntimeRequirements OS="Win64" Platform="Revit" SeriesMin="R2026" SeriesMax="R2026" />
    <ComponentEntry AppName="RevitAddin.DA.Tester" ModuleName=".\Contents\RevitAddin.DA.Tester\1.4.0-beta\2025\RevitAddin.DA.Tester.addin" />
  </Components>
</ApplicationPackage>