<?xml version="1.0" encoding="utf-8"?>
<ApplicationPackage SchemaVersion="1.0" ProductType="Application" AutodeskProduct="Revit" Name="RevitAddin.DA.Tester" ProductCode="7c324916-9f8d-43b0-b226-da67d2504393" AppVersion="1.2.0">
  <CompanyDetails Name="ricaun" />
  <Components Description="Revit 2018">
    <ComponentEntry AppName="RevitAddin.DA.Tester" ModuleName=".\Contents\RevitAddin.DA.Tester\1.2.0\2018\RevitAddin.DA.Tester.addin" />
    <RuntimeRequirements OS="Win64" Platform="Revit" SeriesMin="R2018" SeriesMax="R2018" />
  </Components>
  <Components Description="Revit 2019">
    <ComponentEntry AppName="RevitAddin.DA.Tester" ModuleName=".\Contents\RevitAddin.DA.Tester\1.2.0\2018\RevitAddin.DA.Tester.addin" />
    <RuntimeRequirements OS="Win64" Platform="Revit" SeriesMin="R2019" SeriesMax="R2019" />
  </Components>
  <Components Description="Revit 2020">
    <ComponentEntry AppName="RevitAddin.DA.Tester" ModuleName=".\Contents\RevitAddin.DA.Tester\1.2.0\2018\RevitAddin.DA.Tester.addin" />
    <RuntimeRequirements OS="Win64" Platform="Revit" SeriesMin="R2020" SeriesMax="R2020" />
  </Components>
  <Components Description="Revit 2021">
    <ComponentEntry AppName="RevitAddin.DA.Tester" ModuleName=".\Contents\RevitAddin.DA.Tester\1.2.0\2018\RevitAddin.DA.Tester.addin" />
    <RuntimeRequirements OS="Win64" Platform="Revit" SeriesMin="R2021" SeriesMax="R2021" />
  </Components>
  <Components Description="Revit 2022">
    <ComponentEntry AppName="RevitAddin.DA.Tester" ModuleName=".\Contents\RevitAddin.DA.Tester\1.2.0\2018\RevitAddin.DA.Tester.addin" />
    <RuntimeRequirements OS="Win64" Platform="Revit" SeriesMin="R2022" SeriesMax="R2022" />
  </Components>
  <Components Description="Revit 2023">
    <ComponentEntry AppName="RevitAddin.DA.Tester" ModuleName=".\Contents\RevitAddin.DA.Tester\1.2.0\2018\RevitAddin.DA.Tester.addin" />
    <RuntimeRequirements OS="Win64" Platform="Revit" SeriesMin="R2023" SeriesMax="R2023" />
  </Components>
  <Components Description="Revit 2024">
    <ComponentEntry AppName="RevitAddin.DA.Tester" ModuleName=".\Contents\RevitAddin.DA.Tester\1.2.0\2018\RevitAddin.DA.Tester.addin" />
    <RuntimeRequirements OS="Win64" Platform="Revit" SeriesMin="R2024" SeriesMax="R2024" />
  </Components>
  <Components Description="Revit 2025">
    <ComponentEntry AppName="RevitAddin.DA.Tester" ModuleName=".\Contents\RevitAddin.DA.Tester\1.2.0\2018\RevitAddin.DA.Tester.addin" />
    <RuntimeRequirements OS="Win64" Platform="Revit" SeriesMin="R2025" SeriesMax="R2025" />
  </Components>
  <Components Description="Revit 2026">
    <ComponentEntry AppName="RevitAddin.DA.Tester" ModuleName=".\Contents\RevitAddin.DA.Tester\1.2.0\2018\RevitAddin.DA.Tester.addin" />
    <RuntimeRequirements OS="Win64" Platform="Revit" SeriesMin="R2026" SeriesMax="R2026" />
  </Components>
</ApplicationPackage>